Respondent_ID,Gender,Age_Group,Age_Sort,Occupation,Income_Band,Income_Sort,Model_Interest,Powertrain,Transmission,Budget_Band,Budget_Sort,Purpose,Motivation_1,Motivation_2,Motivation_3,Tech_Must_Have,Info_Source,Finance_Mode,Purchase_Occasion,Dealer,Dealer_Area,Dealer_Choice_Reason,Resale_Expectation,Service_Info_Known,No_Info_Reason,Ownership_Complaint,Complaint_Theme
1,Female,18-25,1,Salaried,Below 50K,1,Punch,Petrol,Manual,Below 10L,1,City Commute,Safety,Ground Clearance,Budget,360 Camera,Word of Mouth,Loan,Festival,Select Cars,Moosapet,Test Drive,Yes,Yes,,Parts availability,Service Competence & Capacity
2,Male,36-45,3,Business,Above 2L,4,Sierra,Diesel,Automatic,Above 25L,4,Highway/Long Distance,Safety,Ground Clearance,Budget,360 Camera,Website,Loan,Festival,Tejaswi Motors,Hi-Tech,Proximity,No,Yes,,Software stability,Software Instability
3,Male,26-35,2,Salaried,Above 2L,4,Nexon,CNG,Manual,Above 25L,4,City Commute,Safety,Ground Clearance,Budget,Sunroof,Word of Mouth,Digital,Birthday,Select Cars,Moosapet,Test Drive,Yes,Yes,,Panel gaps,Fit & Finish
4,Male,18-25,1,Salaried,Above 2L,4,Curvv,EV,Automatic,Above 25L,4,City Commute,Safety,Styling,Tech,Acti.ev Tech,Website,Digital,Festival,Tejaswi Motors,Hi-Tech,Proximity,No,Yes,,Service response,Service Competence & Capacity
5,Female,18-25,1,Salaried,50K-1L,2,Nexon,Petrol,Automatic,10L-18L,2,City Commute,Safety,Ground Clearance,Budget,360 Camera,Website,Digital,Festival,Venkataramana Motors,Not recorded,Reputation,Yes,Yes,,Plastic quality,Fit & Finish
6,Male,26-35,2,Salaried,Above 2L,4,Sierra,CNG,Automatic,Above 25L,4,Highway/Long Distance,Safety,Ground Clearance,Budget,360 Camera,Word of Mouth,Digital,Festival,Tejaswi Motors,Hi-Tech,Proximity,No,Yes,,Service response,Service Competence & Capacity
7,Male,36-45,3,Homemaker,Below 50K,1,Sierra,Diesel,Automatic,Below 10L,1,Highway/Long Distance,Safety,Ground Clearance,Budget,360 Camera,Word of Mouth,Loan,Festival,Select Cars,Moosapet,Test Drive,No,No,Brand Trust,Panel gaps,Fit & Finish
8,Female,26-35,2,Salaried,Above 2L,4,Nexon,Diesel,Automatic,Above 25L,4,City Commute,Safety,Ground Clearance,Budget,Sunroof,Website,Loan,Birthday,Venkataramana Motors,Not recorded,Reputation,Yes,Yes,,Plastic quality,Fit & Finish
9,Male,26-35,2,Salaried,1L-2L,3,Sierra,Diesel,Automatic,18L-25L,3,Highway/Long Distance,Safety,Ground Clearance,Budget,Sunroof,Word of Mouth,Loan,Festival,Select Cars,Moosapet,Test Drive,No,No,Brand Trust,Panel gaps,Fit & Finish
10,Male,36-45,3,Business,Above 2L,4,Safari,Diesel,Automatic,Above 25L,4,Highway/Long Distance,Safety,Spaciousness,Status,360 Camera,Website,Loan,Anniversary,Select Cars,Moosapet,Test Drive,No,No,Brand Trust,Panel gaps,Fit & Finish
11,Female,26-35,2,Salaried,1L-2L,3,Curvv,CNG,Automatic,18L-25L,3,City Commute,Safety,Styling,Status,360 Camera,Website,Loan,Birthday,Venkataramana Motors,Not recorded,Reputation,No,Yes,,Plastic quality,Fit & Finish
12,Female,26-35,2,Salaried,50K-1L,2,Curvv,EV,Automatic,10L-18L,2,City Commute,Safety,Styling,Tech,Acti.ev Tech,Website,Loan,Festival,Select Cars,Moosapet,Test Drive,No,No,Brand Trust,Panel gaps,Fit & Finish
13,Male,Above 55,5,Business,Above 2L,4,Safari,Petrol,Automatic,Above 25L,4,Highway/Long Distance,Safety,Spaciousness,Status,360 Camera,Website,Loan,Anniversary,Tejaswi Motors,Hi-Tech,Proximity,No,Yes,,Software stability,Software Instability
14,Male,18-25,1,Salaried,1L-2L,3,Nexon,EV,Automatic,18L-25L,3,City Commute,Safety,Styling,Tech,Acti.ev Tech,Website,Loan,Birthday,Select Cars,Moosapet,Test Drive,Yes,Yes,,Panel gaps,Fit & Finish
15,Male,18-25,1,Salaried,50K-1L,2,Sierra,Diesel,Automatic,10L-18L,2,Highway/Long Distance,Safety,Ground Clearance,Budget,Sunroof,Website,Digital,Festival,Venkataramana Motors,Not recorded,Reputation,No,Yes,,Fit and finish,Fit & Finish
16,Male,36-45,3,Homemaker,50K-1L,2,Harrier,Diesel,Automatic,10L-18L,2,Highway/Long Distance,Safety,Spaciousness,Status,Ventilated Seats,Word of Mouth,Loan,Anniversary,Venkataramana Motors,Not recorded,Reputation,No,Yes,,Plastic quality,Fit & Finish
17,Female,36-45,3,Homemaker,1L-2L,3,Sierra,EV,Automatic,18L-25L,3,Highway/Long Distance,Safety,Styling,Tech,Acti.ev Tech,Word of Mouth,Loan,Festival,Select Cars,Moosapet,Test Drive,No,No,Brand Trust,Panel gaps,Fit & Finish
18,Male,46-55,4,Homemaker,50K-1L,2,Harrier,CNG,Automatic,10L-18L,2,Highway/Long Distance,Safety,Spaciousness,Status,Ventilated Seats,YouTube,Cheque,Anniversary,Venkataramana Motors,Not recorded,Reputation,No,Yes,,Fit and finish,Fit & Finish
19,Male,36-45,3,Business,Above 2L,4,Safari,Petrol,Automatic,Above 25L,4,Highway/Long Distance,Safety,Spaciousness,Status,360 Camera,YouTube,Loan,Anniversary,Venkataramana Motors,Not recorded,Reputation,No,Yes,,Plastic quality,Fit & Finish
20,Female,18-25,1,Salaried,Below 50K,1,Punch,Petrol,Manual,Below 10L,1,City Commute,Safety,Ground Clearance,Budget,Sunroof,Word of Mouth,Digital,Festival,Tejaswi Motors,Hi-Tech,Proximity,Yes,Yes,,Software stability,Software Instability
21,Male,18-25,1,Salaried,1L-2L,3,Curvv,EV,Automatic,18L-25L,3,City Commute,Safety,Styling,Tech,Acti.ev Tech,YouTube,Digital,Birthday,Select Cars,Moosapet,Test Drive,No,Yes,,Parts availability,Service Competence & Capacity
22,Male,36-45,3,Homemaker,1L-2L,3,Sierra,CNG,Automatic,18L-25L,3,Highway/Long Distance,Safety,Ground Clearance,Budget,Sunroof,Website,Digital,Festival,Tejaswi Motors,Hi-Tech,Proximity,No,Yes,,Software stability,Software Instability
23,Female,18-25,1,Salaried,Below 50K,1,Punch,Diesel,Automatic,Below 10L,1,City Commute,Safety,Ground Clearance,Budget,Sunroof,Word of Mouth,Loan,Festival,Venkataramana Motors,Not recorded,Reputation,Yes,Yes,,Plastic quality,Fit & Finish
24,Female,46-55,4,Homemaker,1L-2L,3,Safari,CNG,Automatic,18L-25L,3,Highway/Long Distance,Safety,Spaciousness,Status,360 Camera,YouTube,Cheque,Festival,Venkataramana Motors,Not recorded,Reputation,No,Yes,,Fit and finish,Fit & Finish
25,Female,36-45,3,Homemaker,1L-2L,3,Safari,Diesel,Automatic,18L-25L,3,Highway/Long Distance,Safety,Spaciousness,Status,360 Camera,Word of Mouth,Digital,Anniversary,Select Cars,Moosapet,Test Drive,No,Yes,,Parts availability,Service Competence & Capacity
26,Male,46-55,4,Homemaker,1L-2L,3,Curvv,Diesel,Automatic,18L-25L,3,City Commute,Safety,Styling,Status,360 Camera,Website,Loan,Anniversary,Venkataramana Motors,Not recorded,Reputation,No,Yes,,Plastic quality,Fit & Finish
27,Male,Above 55,5,Business,Above 2L,4,Safari,EV,Manual,Above 25L,4,Highway/Long Distance,Safety,Styling,Tech,Acti.ev Tech,Word of Mouth,Loan,Festival,Select Cars,Moosapet,Test Drive,No,Yes,,Panel gaps,Fit & Finish
28,Female,18-25,1,Salaried,Above 2L,4,Punch,Petrol,Automatic,Above 25L,4,City Commute,Safety,Ground Clearance,Budget,Sunroof,YouTube,Loan,Festival,Tejaswi Motors,Hi-Tech,Proximity,Yes,Yes,,Service response,Service Competence & Capacity
29,Male,36-45,3,Homemaker,1L-2L,3,Safari,EV,Automatic,18L-25L,3,Highway/Long Distance,Safety,Styling,Tech,Acti.ev Tech,Word of Mouth,Loan,Anniversary,Venkataramana Motors,Not recorded,Reputation,No,Yes,,Plastic quality,Fit & Finish
30,Male,Above 55,5,Retired,Below 50K,1,Curvv,CNG,Automatic,Below 10L,1,City Commute,Safety,Styling,Status,360 Camera,YouTube,Cheque,Anniversary,Select Cars,Moosapet,Test Drive,No,Yes,,Panel gaps,Fit & Finish
31,Male,36-45,3,Business,Above 2L,4,Harrier,Diesel,Automatic,Above 25L,4,Highway/Long Distance,Safety,Spaciousness,Status,Ventilated Seats,YouTube,Loan,Festival,Select Cars,Moosapet,Test Drive,No,No,Brand Trust,Parts availability,Service Competence & Capacity
32,Male,18-25,1,Salaried,Below 50K,1,Nexon,EV,Automatic,18L-25L,3,City Commute,Safety,Styling,Tech,Acti.ev Tech,YouTube,Digital,Birthday,Venkataramana Motors,Not recorded,Reputation,Yes,Yes,,Plastic quality,Fit & Finish
33,Male,46-55,4,Homemaker,1L-2L,3,Nexon,EV,Manual,18L-25L,3,City Commute,Safety,Styling,Tech,Acti.ev Tech,YouTube,Loan,Anniversary,Tejaswi Motors,Hi-Tech,Proximity,Yes,Yes,,Software stability,Software Instability
34,Male,18-25,1,Salaried,Above 2L,4,Sierra,EV,Automatic,Above 25L,4,Highway/Long Distance,Safety,Styling,Tech,Acti.ev Tech,Website,Digital,Festival,Venkataramana Motors,Not recorded,Reputation,No,Yes,,Plastic quality,Fit & Finish
35,Male,26-35,2,Salaried,Below 50K,1,Sierra,EV,Manual,Below 10L,1,Highway/Long Distance,Safety,Styling,Tech,Acti.ev Tech,YouTube,Loan,Festival,Venkataramana Motors,Not recorded,Reputation,No,Yes,,Plastic quality,Fit & Finish
36,Male,46-55,4,Homemaker,1L-2L,3,Harrier,CNG,Automatic,18L-25L,3,Highway/Long Distance,Safety,Spaciousness,Status,Ventilated Seats,Website,Loan,Anniversary,Venkataramana Motors,Not recorded,Reputation,No,Yes,,Plastic quality,Fit & Finish
37,Male,36-45,3,Homemaker,1L-2L,3,Harrier,Diesel,Automatic,18L-25L,3,Highway/Long Distance,Safety,Spaciousness,Status,Ventilated Seats,YouTube,Digital,Festival,Venkataramana Motors,Not recorded,Reputation,No,Yes,,Plastic quality,Fit & Finish
38,Male,46-55,4,Business,Above 2L,4,Safari,Diesel,Automatic,Above 25L,4,Highway/Long Distance,Safety,Spaciousness,Status,Ventilated Seats,YouTube,Cheque,Anniversary,Select Cars,Moosapet,Test Drive,No,Yes,,Panel gaps,Fit & Finish
39,Male,36-45,3,Homemaker,Below 50K,1,Sierra,Diesel,Manual,Below 10L,1,Highway/Long Distance,Safety,Ground Clearance,Budget,360 Camera,Word of Mouth,Loan,Festival,Tejaswi Motors,Hi-Tech,Proximity,No,Yes,,Infotainment lag,Software Instability
40,Female,36-45,3,Homemaker,1L-2L,3,Punch,Petrol,Manual,18L-25L,3,City Commute,Safety,Ground Clearance,Budget,Sunroof,Website,Loan,Festival,Venkataramana Motors,Not recorded,Reputation,Yes,Yes,,Fit and finish,Fit & Finish
41,Male,26-35,2,Salaried,1L-2L,3,Curvv,Petrol,Automatic,18L-25L,3,City Commute,Safety,Styling,Status,360 Camera,Website,Digital,Birthday,Tejaswi Motors,Hi-Tech,Proximity,No,Yes,,Service response,Service Competence & Capacity
42,Male,46-55,4,Business,Above 2L,4,Safari,Diesel,Automatic,Above 25L,4,Highway/Long Distance,Safety,Spaciousness,Status,360 Camera,Website,Loan,Anniversary,Select Cars,Moosapet,Test Drive,No,Yes,,Panel gaps,Fit & Finish
43,Female,36-45,3,Business,Above 2L,4,Safari,EV,Automatic,Above 25L,4,Highway/Long Distance,Safety,Styling,Tech,Acti.ev Tech,Word of Mouth,Loan,Anniversary,Tejaswi Motors,Hi-Tech,Proximity,No,Yes,,Service response,Service Competence & Capacity
44,Male,36-45,3,Business,Above 2L,4,Safari,CNG,Automatic,Above 25L,4,Highway/Long Distance,Safety,Spaciousness,Status,360 Camera,Website,Loan,Festival,Tejaswi Motors,Hi-Tech,Proximity,No,Yes,,Infotainment lag,Software Instability
45,Male,36-45,3,Homemaker,Below 50K,1,Harrier,Diesel,Automatic,Below 10L,1,Highway/Long Distance,Safety,Spaciousness,Status,360 Camera,Website,Digital,Festival,Venkataramana Motors,Not recorded,Reputation,No,Yes,,Fit and finish,Fit & Finish
46,Female,36-45,3,Homemaker,Below 50K,1,Punch,Petrol,Manual,Below 10L,1,City Commute,Safety,Ground Clearance,Budget,Sunroof,YouTube,Loan,Festival,Select Cars,Moosapet,Test Drive,Yes,No,Brand Trust,Parts availability,Service Competence & Capacity
47,Male,26-35,2,Salaried,1L-2L,3,Nexon,Diesel,Manual,18L-25L,3,City Commute,Safety,Ground Clearance,Budget,360 Camera,YouTube,Loan,Festival,Select Cars,Moosapet,Test Drive,Yes,Yes,,Parts availability,Service Competence & Capacity
48,Male,46-55,4,Homemaker,Below 50K,1,Harrier,Diesel,Automatic,Below 10L,1,Highway/Long Distance,Safety,Spaciousness,Status,360 Camera,Website,Loan,Anniversary,Tejaswi Motors,Hi-Tech,Proximity,No,Yes,,Service response,Service Competence & Capacity
49,Male,46-55,4,Business,Above 2L,4,Harrier,Diesel,Automatic,Above 25L,4,Highway/Long Distance,Safety,Spaciousness,Status,360 Camera,YouTube,Loan,Anniversary,Tejaswi Motors,Hi-Tech,Proximity,No,Yes,,Software stability,Software Instability
50,Female,18-25,1,Salaried,1L-2L,3,Punch,EV,Manual,10L-18L,2,City Commute,Safety,Styling,Tech,Acti.ev Tech,Word of Mouth,Digital,Birthday,Select Cars,Moosapet,Test Drive,Yes,Yes,,Parts availability,Service Competence & Capacity
51,Female,18-25,1,Salaried,50K-1L,2,Punch,CNG,Manual,10L-18L,2,City Commute,Safety,Ground Clearance,Budget,Sunroof,Word of Mouth,Loan,Festival,Select Cars,Moosapet,Test Drive,Yes,Yes,,Panel gaps,Fit & Finish
52,Female,18-25,1,Salaried,Below 50K,1,Punch,CNG,Manual,Below 10L,1,City Commute,Safety,Ground Clearance,Budget,360 Camera,Word of Mouth,Loan,Birthday,Venkataramana Motors,Not recorded,Reputation,Yes,Yes,,Plastic quality,Fit & Finish
53,Male,26-35,2,Salaried,1L-2L,3,Curvv,EV,Automatic,18L-25L,3,City Commute,Safety,Styling,Tech,Acti.ev Tech,YouTube,Digital,Festival,Tejaswi Motors,Hi-Tech,Proximity,No,Yes,,Software stability,Software Instability
54,Male,26-35,2,Salaried,1L-2L,3,Nexon,EV,Manual,18L-25L,3,City Commute,Safety,Styling,Tech,Acti.ev Tech,Website,Digital,Festival,Select Cars,Moosapet,Test Drive,Yes,No,Brand Trust,Parts availability,Service Competence & Capacity
55,Female,36-45,3,Homemaker,1L-2L,3,Safari,Diesel,Automatic,18L-25L,3,Highway/Long Distance,Safety,Spaciousness,Status,Ventilated Seats,Word of Mouth,Digital,Anniversary,Venkataramana Motors,Not recorded,Reputation,No,Yes,,Fit and finish,Fit & Finish
56,Male,18-25,1,Salaried,Above 2L,4,Nexon,Petrol,Manual,Above 25L,4,City Commute,Safety,Ground Clearance,Budget,360 Camera,Website,Digital,Festival,Venkataramana Motors,Not recorded,Reputation,Yes,Yes,,Plastic quality,Fit & Finish
57,Female,46-55,4,Homemaker,Below 50K,1,Safari,Diesel,Automatic,Below 10L,1,Highway/Long Distance,Safety,Spaciousness,Status,360 Camera,Website,Cheque,Festival,Venkataramana Motors,Not recorded,Reputation,No,Yes,,Fit and finish,Fit & Finish
58,Male,46-55,4,Homemaker,Below 50K,1,Safari,Diesel,Manual,Below 10L,1,Highway/Long Distance,Safety,Spaciousness,Status,Ventilated Seats,Website,Loan,Festival,Venkataramana Motors,Not recorded,Reputation,No,Yes,,Plastic quality,Fit & Finish
59,Male,18-25,1,Salaried,50K-1L,2,Curvv,CNG,Automatic,10L-18L,2,City Commute,Safety,Styling,Status,360 Camera,Word of Mouth,Loan,Birthday,Tejaswi Motors,Hi-Tech,Proximity,No,Yes,,Service response,Service Competence & Capacity
60,Female,Above 55,5,Retired,1L-2L,3,Punch,Petrol,Manual,18L-25L,3,City Commute,Safety,Ground Clearance,Budget,Sunroof,YouTube,Loan,Anniversary,Select Cars,Moosapet,Test Drive,Yes,No,Brand Trust,Parts availability,Service Competence & Capacity
61,Male,18-25,1,Salaried,50K-1L,2,Nexon,Petrol,Manual,10L-18L,2,City Commute,Safety,Ground Clearance,Budget,Sunroof,YouTube,Loan,Festival,Select Cars,Moosapet,Test Drive,Yes,No,Brand Trust,Parts availability,Service Competence & Capacity
62,Male,18-25,1,Salaried,Below 50K,1,Nexon,EV,Manual,18L-25L,3,City Commute,Safety,Styling,Tech,Acti.ev Tech,Website,Loan,Birthday,Tejaswi Motors,Hi-Tech,Proximity,Yes,Yes,,Service response,Service Competence & Capacity
63,Female,Above 55,5,Retired,Below 50K,1,Punch,Diesel,Manual,Below 10L,1,City Commute,Safety,Ground Clearance,Budget,360 Camera,Website,Loan,Anniversary,Tejaswi Motors,Hi-Tech,Proximity,Yes,Yes,,Service response,Service Competence & Capacity
64,Male,26-35,2,Salaried,Above 2L,4,Sierra,EV,Automatic,Above 25L,4,Highway/Long Distance,Safety,Styling,Tech,Acti.ev Tech,Website,Loan,Birthday,Select Cars,Moosapet,Test Drive,No,No,Brand Trust,Panel gaps,Fit & Finish
65,Male,46-55,4,Business,Above 2L,4,Harrier,Petrol,Automatic,Above 25L,4,Highway/Long Distance,Safety,Spaciousness,Status,Ventilated Seats,Website,Loan,Festival,Tejaswi Motors,Hi-Tech,Proximity,No,Yes,,Service response,Service Competence & Capacity
66,Male,46-55,4,Homemaker,50K-1L,2,Curvv,EV,Automatic,10L-18L,2,City Commute,Safety,Styling,Tech,Acti.ev Tech,Website,Loan,Anniversary,Select Cars,Moosapet,Test Drive,No,No,Brand Trust,Panel gaps,Fit & Finish
67,Male,26-35,2,Salaried,50K-1L,2,Curvv,CNG,Manual,10L-18L,2,City Commute,Safety,Styling,Status,360 Camera,YouTube,Loan,Festival,Tejaswi Motors,Hi-Tech,Proximity,No,Yes,,Software stability,Software Instability
68,Female,26-35,2,Salaried,50K-1L,2,Nexon,EV,Automatic,18L-25L,3,City Commute,Safety,Styling,Tech,Acti.ev Tech,Website,Loan,Birthday,Venkataramana Motors,Not recorded,Reputation,Yes,Yes,,Fit and finish,Fit & Finish
69,Female,18-25,1,Salaried,Above 2L,4,Punch,Petrol,Manual,Above 25L,4,City Commute,Safety,Ground Clearance,Budget,Sunroof,Word of Mouth,Loan,Birthday,Select Cars,Moosapet,Test Drive,Yes,No,Brand Trust,Parts availability,Service Competence & Capacity
70,Male,26-35,2,Salaried,50K-1L,2,Sierra,Petrol,Automatic,10L-18L,2,Highway/Long Distance,Safety,Ground Clearance,Budget,Sunroof,Word of Mouth,Loan,Festival,Tejaswi Motors,Hi-Tech,Proximity,No,Yes,,Software stability,Software Instability
71,Male,36-45,3,Homemaker,50K-1L,2,Punch,CNG,Manual,10L-18L,2,City Commute,Safety,Ground Clearance,Budget,360 Camera,YouTube,Loan,Festival,Venkataramana Motors,Not recorded,Reputation,Yes,Yes,,Plastic quality,Fit & Finish
72,Male,26-35,2,Salaried,1L-2L,3,Curvv,Petrol,Automatic,18L-25L,3,City Commute,Safety,Styling,Status,360 Camera,Word of Mouth,Loan,Birthday,Select Cars,Moosapet,Test Drive,No,No,Brand Trust,Panel gaps,Fit & Finish
73,Male,18-25,1,Salaried,50K-1L,2,Curvv,Petrol,Automatic,10L-18L,2,City Commute,Safety,Styling,Status,360 Camera,Website,Loan,Festival,Venkataramana Motors,Not recorded,Reputation,No,Yes,,Fit and finish,Fit & Finish
74,Female,Above 55,5,Retired,50K-1L,2,Nexon,EV,Manual,18L-25L,3,City Commute,Safety,Styling,Tech,Acti.ev Tech,Website,Loan,Anniversary,Venkataramana Motors,Not recorded,Reputation,Yes,Yes,,Fit and finish,Fit & Finish
75,Male,26-35,2,Salaried,Above 2L,4,Harrier,EV,Automatic,Above 25L,4,Highway/Long Distance,Safety,Styling,Tech,Acti.ev Tech,Website,Loan,Birthday,Select Cars,Moosapet,Test Drive,No,Yes,,Parts availability,Service Competence & Capacity
76,Male,26-35,2,Salaried,1L-2L,3,Sierra,Petrol,Automatic,18L-25L,3,Highway/Long Distance,Safety,Ground Clearance,Budget,Sunroof,Word of Mouth,Loan,Festival,Select Cars,Moosapet,Test Drive,No,Yes,,Panel gaps,Fit & Finish
77,Female,36-45,3,Homemaker,1L-2L,3,Safari,Diesel,Automatic,18L-25L,3,Highway/Long Distance,Safety,Spaciousness,Status,Ventilated Seats,Word of Mouth,Loan,Festival,Venkataramana Motors,Not recorded,Reputation,No,Yes,,Fit and finish,Fit & Finish
78,Male,46-55,4,Business,Above 2L,4,Harrier,Diesel,Automatic,Above 25L,4,Highway/Long Distance,Safety,Spaciousness,Status,Ventilated Seats,Website,Loan,Festival,Select Cars,Moosapet,Test Drive,No,No,Brand Trust,Panel gaps,Fit & Finish
79,Female,26-35,2,Salaried,Above 2L,4,Nexon,EV,Manual,18L-25L,3,City Commute,Safety,Styling,Tech,Acti.ev Tech,Word of Mouth,Loan,Birthday,Venkataramana Motors,Not recorded,Reputation,Yes,Yes,,Plastic quality,Fit & Finish
80,Male,36-45,3,Homemaker,Below 50K,1,Safari,Diesel,Automatic,Below 10L,1,Highway/Long Distance,Safety,Spaciousness,Status,Ventilated Seats,Word of Mouth,Loan,Anniversary,Select Cars,Moosapet,Test Drive,No,No,Brand Trust,Panel gaps,Fit & Finish
81,Male,46-55,4,Homemaker,1L-2L,3,Harrier,Diesel,Manual,18L-25L,3,Highway/Long Distance,Safety,Spaciousness,Status,Ventilated Seats,YouTube,Cheque,Anniversary,Select Cars,Moosapet,Test Drive,No,Yes,,Parts availability,Service Competence & Capacity
82,Male,26-35,2,Salaried,50K-1L,2,Sierra,Diesel,Manual,10L-18L,2,Highway/Long Distance,Safety,Ground Clearance,Budget,360 Camera,Word of Mouth,Loan,Birthday,Venkataramana Motors,Not recorded,Reputation,No,Yes,,Fit and finish,Fit & Finish
83,Male,36-45,3,Business,Above 2L,4,Safari,Petrol,Automatic,Above 25L,4,Highway/Long Distance,Safety,Spaciousness,Status,360 Camera,Website,Loan,Festival,Tejaswi Motors,Hi-Tech,Proximity,No,Yes,,Service response,Service Competence & Capacity
84,Female,18-25,1,Salaried,Above 2L,4,Punch,CNG,Manual,Above 25L,4,City Commute,Safety,Ground Clearance,Budget,Sunroof,YouTube,Loan,Birthday,Venkataramana Motors,Not recorded,Reputation,Yes,Yes,,Plastic quality,Fit & Finish
85,Male,46-55,4,Business,Above 2L,4,Nexon,EV,Automatic,18L-25L,3,City Commute,Safety,Styling,Tech,Acti.ev Tech,Word of Mouth,Cheque,Festival,Select Cars,Moosapet,Test Drive,Yes,Yes,,Parts availability,Service Competence & Capacity
86,Male,26-35,2,Salaried,Above 2L,4,Sierra,EV,Automatic,Above 25L,4,Highway/Long Distance,Safety,Styling,Tech,Acti.ev Tech,Word of Mouth,Loan,Birthday,Select Cars,Moosapet,Test Drive,No,No,Brand Trust,Panel gaps,Fit & Finish
87,Female,26-35,2,Salaried,1L-2L,3,Nexon,Petrol,Manual,18L-25L,3,City Commute,Safety,Ground Clearance,Budget,360 Camera,Website,Loan,Birthday,Select Cars,Moosapet,Test Drive,Yes,Yes,,Parts availability,Service Competence & Capacity
88,Male,26-35,2,Salaried,1L-2L,3,Harrier,Diesel,Automatic,18L-25L,3,Highway/Long Distance,Safety,Spaciousness,Status,Ventilated Seats,Word of Mouth,Loan,Festival,Venkataramana Motors,Not recorded,Reputation,No,Yes,,Plastic quality,Fit & Finish
89,Male,46-55,4,Business,Above 2L,4,Safari,Diesel,Automatic,Above 25L,4,Highway/Long Distance,Safety,Spaciousness,Status,Ventilated Seats,Website,Cheque,Festival,Tejaswi Motors,Hi-Tech,Proximity,No,Yes,,Service response,Service Competence & Capacity
90,Male,36-45,3,Homemaker,50K-1L,2,Harrier,EV,Manual,10L-18L,2,Highway/Long Distance,Safety,Styling,Tech,Acti.ev Tech,Website,Loan,Anniversary,Venkataramana Motors,Not recorded,Reputation,No,Yes,,Fit and finish,Fit & Finish
91,Male,46-55,4,Business,Above 2L,4,Curvv,Petrol,Automatic,Above 25L,4,City Commute,Safety,Styling,Status,360 Camera,Word of Mouth,Cheque,Anniversary,Venkataramana Motors,Not recorded,Reputation,No,Yes,,Fit and finish,Fit & Finish
92,Male,26-35,2,Salaried,Below 50K,1,Nexon,Petrol,Manual,Below 10L,1,City Commute,Safety,Ground Clearance,Budget,Sunroof,YouTube,Loan,Festival,Select Cars,Moosapet,Test Drive,Yes,No,Brand Trust,Parts availability,Service Competence & Capacity
93,Female,26-35,2,Salaried,1L-2L,3,Curvv,CNG,Manual,18L-25L,3,City Commute,Safety,Styling,Status,360 Camera,Website,Loan,Birthday,Tejaswi Motors,Hi-Tech,Proximity,No,Yes,,Infotainment lag,Software Instability
94,Male,Above 55,5,Retired,1L-2L,3,Safari,Diesel,Automatic,18L-25L,3,Highway/Long Distance,Safety,Spaciousness,Status,Ventilated Seats,Word of Mouth,Cheque,Anniversary,Select Cars,Moosapet,Test Drive,No,Yes,,Panel gaps,Fit & Finish
95,Female,18-25,1,Salaried,Below 50K,1,Punch,Diesel,Automatic,Below 10L,1,City Commute,Safety,Ground Clearance,Budget,Sunroof,Website,Loan,Festival,Venkataramana Motors,Not recorded,Reputation,Yes,Yes,,Fit and finish,Fit & Finish
96,Male,36-45,3,Business,Above 2L,4,Harrier,CNG,Automatic,Above 25L,4,Highway/Long Distance,Safety,Spaciousness,Status,360 Camera,YouTube,Loan,Festival,Tejaswi Motors,Hi-Tech,Proximity,No,Yes,,Service response,Service Competence & Capacity
97,Male,18-25,1,Salaried,1L-2L,3,Curvv,Diesel,Manual,18L-25L,3,City Commute,Safety,Styling,Status,360 Camera,Word of Mouth,Loan,Festival,Select Cars,Moosapet,Test Drive,No,Yes,,Panel gaps,Fit & Finish
98,Male,26-35,2,Salaried,50K-1L,2,Nexon,Petrol,Manual,10L-18L,2,City Commute,Safety,Ground Clearance,Budget,Sunroof,Word of Mouth,Loan,Festival,Select Cars,Moosapet,Test Drive,Yes,No,Brand Trust,Panel gaps,Fit & Finish
99,Male,26-35,2,Salaried,50K-1L,2,Harrier,Petrol,Automatic,10L-18L,2,Highway/Long Distance,Safety,Spaciousness,Status,Ventilated Seats,YouTube,Loan,Birthday,Select Cars,Moosapet,Test Drive,No,Yes,,Parts availability,Service Competence & Capacity
100,Male,46-55,4,Homemaker,50K-1L,2,Nexon,CNG,Manual,10L-18L,2,City Commute,Safety,Ground Clearance,Budget,360 Camera,Word of Mouth,Loan,Anniversary,Select Cars,Moosapet,Test Drive,Yes,No,Brand Trust,Panel gaps,Fit & Finish
101,Female,18-25,1,Salaried,50K-1L,2,Punch,Petrol,Manual,10L-18L,2,City Commute,Safety,Ground Clearance,Budget,Sunroof,Word of Mouth,Loan,Birthday,Tejaswi Motors,Hi-Tech,Proximity,Yes,Yes,,Infotainment lag,Software Instability
102,Male,Above 55,5,Retired,50K-1L,2,Nexon,Diesel,Automatic,10L-18L,2,City Commute,Safety,Ground Clearance,Budget,Sunroof,YouTube,Cheque,Anniversary,Tejaswi Motors,Hi-Tech,Proximity,Yes,Yes,,Software stability,Software Instability
103,Female,36-45,3,Homemaker,50K-1L,2,Punch,Petrol,Manual,10L-18L,2,City Commute,Safety,Ground Clearance,Budget,Sunroof,YouTube,Loan,Festival,Tejaswi Motors,Hi-Tech,Proximity,Yes,Yes,,Software stability,Software Instability
104,Female,36-45,3,Homemaker,1L-2L,3,Punch,Petrol,Manual,18L-25L,3,City Commute,Safety,Ground Clearance,Budget,360 Camera,Word of Mouth,Loan,Festival,Tejaswi Motors,Hi-Tech,Proximity,Yes,Yes,,Service response,Service Competence & Capacity
105,Male,Above 55,5,Retired,1L-2L,3,Nexon,EV,Automatic,18L-25L,3,City Commute,Safety,Styling,Tech,Acti.ev Tech,Website,Loan,Anniversary,Select Cars,Moosapet,Test Drive,Yes,No,Brand Trust,Panel gaps,Fit & Finish
106,Female,18-25,1,Salaried,50K-1L,2,Punch,Petrol,Manual,10L-18L,2,City Commute,Safety,Ground Clearance,Budget,Sunroof,Website,Loan,Festival,Select Cars,Moosapet,Test Drive,Yes,Yes,,Parts availability,Service Competence & Capacity
107,Male,Above 55,5,Retired,1L-2L,3,Safari,Diesel,Automatic,18L-25L,3,Highway/Long Distance,Safety,Spaciousness,Status,360 Camera,YouTube,Cheque,Anniversary,Tejaswi Motors,Hi-Tech,Proximity,No,Yes,,Infotainment lag,Software Instability
108,Male,Above 55,5,Retired,1L-2L,3,Nexon,Petrol,Automatic,18L-25L,3,City Commute,Safety,Ground Clearance,Budget,Sunroof,Website,Loan,Festival,Tejaswi Motors,Hi-Tech,Proximity,Yes,Yes,,Service response,Service Competence & Capacity
109,Male,18-25,1,Salaried,1L-2L,3,Punch,Petrol,Manual,18L-25L,3,City Commute,Safety,Ground Clearance,Budget,360 Camera,Word of Mouth,Loan,Festival,Tejaswi Motors,Hi-Tech,Proximity,Yes,Yes,,Software stability,Software Instability
110,Female,26-35,2,Salaried,50K-1L,2,Nexon,EV,Automatic,18L-25L,3,City Commute,Safety,Styling,Tech,Acti.ev Tech,Word of Mouth,Loan,Birthday,Tejaswi Motors,Hi-Tech,Proximity,Yes,Yes,,Service response,Service Competence & Capacity
111,Male,18-25,1,Salaried,50K-1L,2,Safari,Petrol,Automatic,10L-18L,2,Highway/Long Distance,Safety,Spaciousness,Status,360 Camera,YouTube,Loan,Festival,Tejaswi Motors,Hi-Tech,Proximity,No,Yes,,Software stability,Software Instability
112,Male,18-25,1,Salaried,1L-2L,3,Curvv,CNG,Automatic,18L-25L,3,City Commute,Safety,Styling,Status,360 Camera,YouTube,Loan,Birthday,Tejaswi Motors,Hi-Tech,Proximity,No,Yes,,Software stability,Software Instability
113,Male,Above 55,5,Retired,1L-2L,3,Safari,Diesel,Automatic,18L-25L,3,Highway/Long Distance,Safety,Spaciousness,Status,Ventilated Seats,Website,Cheque,Anniversary,Tejaswi Motors,Hi-Tech,Proximity,No,Yes,,Infotainment lag,Software Instability
114,Male,18-25,1,Salaried,50K-1L,2,Punch,Petrol,Manual,10L-18L,2,City Commute,Safety,Ground Clearance,Budget,360 Camera,Word of Mouth,Loan,Festival,Tejaswi Motors,Hi-Tech,Proximity,Yes,Yes,,Infotainment lag,Software Instability
115,Male,26-35,2,Salaried,50K-1L,2,Punch,EV,Manual,10L-18L,2,City Commute,Safety,Styling,Tech,Acti.ev Tech,Word of Mouth,Loan,Birthday,Tejaswi Motors,Hi-Tech,Proximity,Yes,Yes,,Service response,Service Competence & Capacity
116,Male,36-45,3,Homemaker,50K-1L,2,Safari,Petrol,Manual,10L-18L,2,Highway/Long Distance,Safety,Spaciousness,Status,360 Camera,Word of Mouth,Loan,Festival,Tejaswi Motors,Hi-Tech,Proximity,No,Yes,,Software stability,Software Instability
117,Male,Above 55,5,Retired,1L-2L,3,Curvv,EV,Automatic,18L-25L,3,City Commute,Safety,Styling,Tech,Acti.ev Tech,Website,Loan,Anniversary,Tejaswi Motors,Hi-Tech,Proximity,No,Yes,,Infotainment lag,Software Instability
118,Male,Above 55,5,Retired,1L-2L,3,Curvv,EV,Automatic,18L-25L,3,City Commute,Safety,Styling,Tech,Acti.ev Tech,Website,Loan,Anniversary,Tejaswi Motors,Hi-Tech,Proximity,No,Yes,,Software stability,Software Instability
119,Male,26-35,2,Salaried,1L-2L,3,Punch,Diesel,Manual,18L-25L,3,City Commute,Safety,Ground Clearance,Budget,360 Camera,YouTube,Loan,Birthday,Tejaswi Motors,Hi-Tech,Proximity,Yes,Yes,,Software stability,Software Instability
120,Male,18-25,1,Salaried,50K-1L,2,Punch,Petrol,Manual,10L-18L,2,City Commute,Safety,Ground Clearance,Budget,Sunroof,YouTube,Loan,Festival,Tejaswi Motors,Hi-Tech,Proximity,Yes,Yes,,Infotainment lag,Software Instability
121,Male,26-35,2,Salaried,1L-2L,3,Nexon,EV,Manual,18L-25L,3,City Commute,Safety,Styling,Tech,Acti.ev Tech,Word of Mouth,Loan,Festival,Tejaswi Motors,Hi-Tech,Proximity,Yes,Yes,,Infotainment lag,Software Instability
122,Male,Above 55,5,Retired,1L-2L,3,Nexon,EV,Manual,18L-25L,3,City Commute,Safety,Styling,Tech,Acti.ev Tech,YouTube,Cheque,Anniversary,Tejaswi Motors,Hi-Tech,Proximity,Yes,Yes,,Service response,Service Competence & Capacity
123,Male,26-35,2,Salaried,1L-2L,3,Nexon,Diesel,Automatic,18L-25L,3,City Commute,Safety,Ground Clearance,Budget,Sunroof,Website,Loan,Festival,Tejaswi Motors,Hi-Tech,Proximity,Yes,Yes,,Service response,Service Competence & Capacity
124,Male,18-25,1,Salaried,1L-2L,3,Punch,Petrol,Manual,18L-25L,3,City Commute,Safety,Ground Clearance,Budget,360 Camera,Word of Mouth,Loan,Festival,Tejaswi Motors,Hi-Tech,Proximity,Yes,Yes,,Service response,Service Competence & Capacity
125,Male,26-35,2,Salaried,1L-2L,3,Punch,Diesel,Automatic,18L-25L,3,City Commute,Safety,Ground Clearance,Budget,Sunroof,Word of Mouth,Loan,Festival,Tejaswi Motors,Hi-Tech,Proximity,Yes,Yes,,Software stability,Software Instability
126,Male,26-35,2,Salaried,1L-2L,3,Punch,EV,Manual,10L-18L,2,City Commute,Safety,Styling,Tech,Acti.ev Tech,YouTube,Loan,Festival,Tejaswi Motors,Hi-Tech,Proximity,Yes,Yes,,Software stability,Software Instability
127,Male,26-35,2,Salaried,50K-1L,2,Nexon,EV,Manual,18L-25L,3,City Commute,Safety,Styling,Tech,Acti.ev Tech,YouTube,Loan,Festival,Tejaswi Motors,Hi-Tech,Proximity,Yes,Yes,,Software stability,Software Instability
128,Male,Above 55,5,Retired,50K-1L,2,Nexon,EV,Manual,18L-25L,3,City Commute,Safety,Styling,Tech,Acti.ev Tech,Word of Mouth,Cheque,Festival,Tejaswi Motors,Hi-Tech,Proximity,Yes,Yes,,Infotainment lag,Software Instability
129,Male,26-35,2,Salaried,50K-1L,2,Nexon,EV,Manual,18L-25L,3,City Commute,Safety,Styling,Tech,Acti.ev Tech,YouTube,Loan,Festival,Tejaswi Motors,Hi-Tech,Proximity,Yes,Yes,,Infotainment lag,Software Instability
130,Male,26-35,2,Salaried,50K-1L,2,Nexon,EV,Manual,18L-25L,3,City Commute,Safety,Styling,Tech,Acti.ev Tech,YouTube,Loan,Birthday,Tejaswi Motors,Hi-Tech,Proximity,Yes,Yes,,Service response,Service Competence & Capacity
131,Male,26-35,2,Salaried,50K-1L,2,Nexon,EV,Manual,18L-25L,3,City Commute,Safety,Styling,Tech,Acti.ev Tech,Website,Loan,Festival,Tejaswi Motors,Hi-Tech,Proximity,Yes,Yes,,Service response,Service Competence & Capacity
132,Male,26-35,2,Salaried,50K-1L,2,Nexon,EV,Manual,18L-25L,3,City Commute,Safety,Styling,Tech,Acti.ev Tech,Website,Loan,Birthday,Tejaswi Motors,Hi-Tech,Proximity,Yes,Yes,,Infotainment lag,Software Instability
133,Male,26-35,2,Salaried,50K-1L,2,Nexon,EV,Manual,18L-25L,3,City Commute,Safety,Styling,Tech,Acti.ev Tech,Website,Loan,Festival,Tejaswi Motors,Hi-Tech,Proximity,Yes,Yes,,Software stability,Software Instability
134,Male,26-35,2,Salaried,50K-1L,2,Nexon,EV,Manual,18L-25L,3,City Commute,Safety,Styling,Tech,Acti.ev Tech,Word of Mouth,Loan,Festival,Tejaswi Motors,Hi-Tech,Proximity,Yes,Yes,,Infotainment lag,Software Instability
135,Male,26-35,2,Salaried,50K-1L,2,Nexon,EV,Manual,18L-25L,3,City Commute,Safety,Styling,Tech,Acti.ev Tech,YouTube,Cheque,Festival,Tejaswi Motors,Hi-Tech,Proximity,Yes,Yes,,Software stability,Software Instability
